Cigar,Brand,Packaging,QTY,Vitola,Type,Size,Purchase Date,Humidor Data,Box Date,Retailer,PPS,Aging
Liga Privada No. 9,Drew Estate,Loose,2,Toro,NC,"6.0"" x 52",8/6/2025,8/12/2025,,Fox,,
Liga Privada No. 9,Drew Estate,Box,24,Toro,NC,"6.0"" x 52",8/23/2025,8/27/2025,,CI,,
Rocky Patel Edge,Rockey Patel,Sampler,5,Toro,NC,"6.0"" x 52",8/25/2025,8/27/2025,,CI,,
Eastern Standard Sungrown,Caldwell,Sampler,4,Robusto,NC,"5.0"" x 50",8/25/2025,Backordered,,CI,,
Trinidad Reyes,Trinidad,Box,12,Reyes,CC,"4.3"" x 40",9/20/2025,Stuck,,OC,,
Yamasa,Davidoff,Pack,4,Toro,NC,"6.0"" 2 52",8/23/2025,8/27/2025,,CI,,
Ramon Allones,No 3,Loose,3,,CC,,10/17/2025,10/21/2025,,,$45,"1 Month rest from travel - ""RASS"""
Vega Fina,???,Loose,2,,CC,,10/17/2025,10/21/2025,,,,
,???,Loose,1,,CC,,10/17/2025,10/21/2025,,,,
